{
  "alpha": 0.05,
  "level_bins": [
    "270-279",
    "280-285",
    "286-290"
  ],
  "class_groups": [
    "전사",
    "마법사",
    "궁수",
    "도적",
    "해적"
  ],
  "features_input": "data/features_monthly.csv",
  "cluster_input": "data/cluster_labels.csv",
  "current_input": "data/h1_current_candidates.csv",
  "labels": [
    {
      "label": "is_stagnant_cluster",
      "description": "H1 클러스터 후보",
      "dataset": "cluster",
      "n": 1999,
      "candidate_n": 471,
      "candidate_rate": 0.23561780890445222,
      "tests": [
        {
          "dimension": "level_band",
          "table": {
            "270-279": {
              "non_candidate": 464,
              "candidate": 200
            },
            "280-285": {
              "non_candidate": 501,
              "candidate": 164
            },
            "286-290": {
              "non_candidate": 563,
              "candidate": 107
            }
          },
          "chi2": 37.74608939465061,
          "dof": 2,
          "p_value": 6.361226086199097e-09,
          "monte_carlo_p_value": 9.99990000099999e-06,
          "monte_carlo_iterations": 100000,
          "min_expected_frequency": 156.45022511255627,
          "cramers_v": 0.13741355806577257,
          "categories": [
            {
              "category": "270-279",
              "n": 664,
              "candidate_n": 200,
              "candidate_rate": 0.30120481927710846,
              "candidate_standardized_residual": 3.481751875890865,
              "odds_ratio_vs_rest": 1.6923272681002672,
              "odds_ratio_ci95": [
                1.3679715212192347,
                2.0935900623158705
              ],
              "fisher_p_vs_rest": 1.844776955209719e-06
            },
            {
              "category": "280-285",
              "n": 665,
              "candidate_n": 164,
              "candidate_rate": 0.24661654135338346,
              "candidate_standardized_residual": 0.5843181867682711,
              "odds_ratio_vs_rest": 1.0950606929463549,
              "odds_ratio_ci95": [
                0.8809256396442394,
                1.3612476096398207
              ],
              "fisher_p_vs_rest": 0.4336774955762171
            },
            {
              "category": "286-290",
              "n": 670,
              "candidate_n": 107,
              "candidate_rate": 0.15970149253731344,
              "candidate_standardized_residual": -4.0482606941887695,
              "odds_ratio_vs_rest": 0.5038500575800754,
              "odds_ratio_ci95": [
                0.39662289870897527,
                0.6400661216227972
              ],
              "fisher_p_vs_rest": 7.793732903659718e-09
            }
          ],
          "holm_adjusted_p_value": 1.2722452172398194e-08
        },
        {
          "dimension": "class_group",
          "table": {
            "전사": {
              "non_candidate": 312,
              "candidate": 88
            },
            "마법사": {
              "non_candidate": 314,
              "candidate": 85
            },
            "궁수": {
              "non_candidate": 306,
              "candidate": 94
            },
            "도적": {
              "non_candidate": 283,
              "candidate": 117
            },
            "해적": {
              "non_candidate": 313,
              "candidate": 87
            }
          },
          "chi2": 9.5877940431281,
          "dof": 4,
          "p_value": 0.04797420081150305,
          "monte_carlo_p_value": 0.04895951040489595,
          "monte_carlo_iterations": 100000,
          "min_expected_frequency": 94.01150575287645,
          "cramers_v": 0.06925528982791584,
          "categories": [
            {
              "category": "전사",
              "n": 400,
              "candidate_n": 88,
              "candidate_rate": 0.22,
              "candidate_standardized_residual": -0.6434962846533243,
              "odds_ratio_vs_rest": 0.8954944098547232,
              "odds_ratio_ci95": [
                0.6884199559622505,
                1.1648561770121488
              ],
              "fisher_p_vs_rest": 0.42983207602925655
            },
            {
              "category": "마법사",
              "n": 399,
              "candidate_n": 85,
              "candidate_rate": 0.21303258145363407,
              "candidate_standardized_residual": -0.9294089705857037,
              "odds_ratio_vs_rest": 0.8513745420943203,
              "odds_ratio_ci95": [
                0.6527840443754312,
                1.1103804040122065
              ],
              "fisher_p_vs_rest": 0.26230127497181305
            },
            {
              "category": "궁수",
              "n": 400,
              "candidate_n": 94,
              "candidate_rate": 0.235,
              "candidate_standardized_residual": -0.025455410363448814,
              "odds_ratio_vs_rest": 0.9957178273608294,
              "odds_ratio_ci95": [
                0.7690009292786981,
                1.2892754143406915
              ],
              "fisher_p_vs_rest": 1.0
            },
            {
              "category": "도적",
              "n": 400,
              "candidate_n": 117,
              "candidate_rate": 0.2925,
              "candidate_standardized_residual": 2.343701274414407,
              "odds_ratio_vs_rest": 1.4540037132418997,
              "odds_ratio_ci95": [
                1.1373101987415306,
                1.8588831793301248
              ],
              "fisher_p_vs_rest": 0.0036907641392010266
            },
            {
              "category": "해적",
              "n": 400,
              "candidate_n": 87,
              "candidate_rate": 0.2175,
              "candidate_standardized_residual": -0.7465030970349702,
              "odds_ratio_vs_rest": 0.8794678514376997,
              "odds_ratio_ci95": [
                0.6755362946966694,
                1.1449624657987414
              ],
              "fisher_p_vs_rest": 0.35695844856747444
            }
          ],
          "holm_adjusted_p_value": 0.04797420081150305
        }
      ]
    },
    {
      "label": "is_current_parking_candidate",
      "description": "현재성 후보",
      "dataset": "current",
      "n": 1897,
      "candidate_n": 52,
      "candidate_rate": 0.027411702688455455,
      "tests": [
        {
          "dimension": "level_band",
          "table": {
            "270-279": {
              "non_candidate": 539,
              "candidate": 24
            },
            "280-285": {
              "non_candidate": 643,
              "candidate": 21
            },
            "286-290": {
              "non_candidate": 663,
              "candidate": 7
            }
          },
          "chi2": 12.564486730373439,
          "dof": 2,
          "p_value": 0.0018692025831451248,
          "monte_carlo_p_value": 0.0015199848001519985,
          "monte_carlo_iterations": 100000,
          "min_expected_frequency": 15.432788613600422,
          "cramers_v": 0.08138393985940494,
          "categories": [
            {
              "category": "270-279",
              "n": 563,
              "candidate_n": 24,
              "candidate_rate": 0.04262877442273535,
              "candidate_standardized_residual": 2.1808072333317874,
              "odds_ratio_vs_rest": 2.0768619135966073,
              "odds_ratio_ci95": [
                1.1930101275770768,
                3.6155228764975327
              ],
              "fisher_p_vs_rest": 0.012893218560688455
            },
            {
              "category": "280-285",
              "n": 664,
              "candidate_n": 21,
              "candidate_rate": 0.03162650602409638,
              "candidate_standardized_residual": 0.6559841536095811,
              "odds_ratio_vs_rest": 1.2663422465258616,
              "odds_ratio_ci95": [
                0.721783790863898,
                2.221749373751939
              ],